id,store_code,store_name,region_code,province,city,barangay,store_type,lat,lon,created_at
840f31a8-4f6a-4521-8d99-a81450c741c7,ST0001,Barangay 2 Mart,XII,Province,City,Barangay 2,mini-mart,17.362405,121.257632,2026-01-03T15:22:17.613710
31cdb35a-d8e8-48eb-91e8-90e8f0180c89,ST0002,Talaba Store,IV-A,Cavite,Bacoor,Talaba,mini-mart,5.950729,124.596445,2026-01-03T15:22:17.613786
838b289e-3549-49bd-a1f0-20792fbbf5d3,ST0003,Barangay 2 Mart,CAR,Province,City,Barangay 2,sari-sari,17.807226,117.131649,2026-01-03T15:22:17.613850
9eb730e7-6ac0-4d46-bcf3-a4c8cd56ec26,ST0004,Barangay 1 Sari-Sari,CAR,Province,City,Barangay 1,grocery,9.720694,122.409594,2026-01-03T15:22:17.613900
44580bce-6aa1-441b-b67f-f739425aeec9,ST0005,Barangay 3 Store,IV-B,Province,City,Barangay 3,grocery,4.5735,117.349888,2026-01-03T15:22:17.613948
b95857be-f5e5-4235-8c79-665208d007ae,ST0006,Barangay 3 Sari-Sari,VI,Province,City,Barangay 3,convenience,9.544435,118.796659,2026-01-03T15:22:17.613995
e8b5293b-83dc-4223-ba0e-8001e43cb930,ST0007,Lahug Sari-Sari,VII,Cebu,Cebu City,Lahug,grocery,6.22485,119.409029,2026-01-03T15:22:17.614054
7aca000a-e0d5-4964-bb52-0e8ff95ebc70,ST0008,Barangay 3 Sari-Sari,I,Province,City,Barangay 3,mini-mart,7.855479,125.602719,2026-01-03T15:22:17.614111
4bb2c2c2-b90b-432f-9e5d-1539f0c60a71,ST0009,Barangay 3 Mini Mart,XIII,Province,City,Barangay 3,grocery,5.668614,122.794549,2026-01-03T15:22:17.614267
f3aa54c8-8924-4eb5-81fc-dabcad928d7c,ST0010,Barangay 1 Store,VI,Province,City,Barangay 1,convenience,4.742392,120.600509,2026-01-03T15:22:17.614419
c8455ef1-881e-4ff6-b583-fb2df9e3ddc7,ST0011,Barangay 1 Sari-Sari,II,Province,City,Barangay 1,sari-sari,5.458294,124.470215,2026-01-03T15:22:17.614466
e821e7a0-2cec-4fc4-82b7-9bce6a6658aa,ST0012,Talaba Mart,IV-A,Cavite,Bacoor,Talaba,mini-mart,11.207688,120.337518,2026-01-03T15:22:17.614498
f76a8548-ff65-4904-8cec-7d69fd8a74a3,ST0013,Barangay 1 Sari-Sari,X,Province,City,Barangay 1,convenience,18.329343,126.248571,2026-01-03T15:22:17.614519
943ad1cc-44c5-453c-99fb-3444407612c2,ST0014,Lahug Mart,VII,Cebu,Cebu City,Lahug,grocery,20.433372,122.520185,2026-01-03T15:22:17.614552
8cba0c1e-3745-4e49-b31d-27a3fa2e4ba0,ST0015,Barangay 1 Mart,II,Province,City,Barangay 1,grocery,8.632441,124.226897,2026-01-03T15:22:17.614609
