code,name,island_group
NCR,National Capital Region,Luzon
CAR,Cordillera Administrative Region,Luzon
I,Ilocos Region,Luzon
II,Cagayan Valley,Luzon
III,Central Luzon,Luzon
IV-A,CALABARZON,Luzon
IV-B,MIMAROPA,Luzon
V,Bicol Region,Luzon
VI,Western Visayas,Visayas
VII,Central Visayas,Visayas
VIII,Eastern Visayas,Visayas
IX,Zamboanga Peninsula,Mindanao
X,Northern Mindanao,Mindanao
XI,Davao Region,Mindanao
XII,SOCCSKSARGEN,Mindanao
XIII,Caraga,Mindanao
BARMM,Bangsamoro Autonomous Region in Muslim Mindanao,Mindanao
