id,store_code,store_name,region_code,province,city,barangay,store_type,lat,lon,created_at
a2a489bc-449d-4136-ab7a-93506d5172c0,ST0001,Barangay 3 Store,II,Province,City,Barangay 3,mini-mart,8.071372,123.864712,2026-01-03T15:22:18.135029
e7df6940-00e7-4d1b-9cff-ca4d1d701efa,ST0002,Barangay 1 Sari-Sari,I,Province,City,Barangay 1,sari-sari,7.998208,121.553553,2026-01-03T15:22:18.135075
3ab98c71-2dab-4f06-9ab9-3b1f82084be7,ST0003,Ermita Mini Mart,NCR,Metro Manila,Manila,Ermita,mini-mart,11.687345,119.281907,2026-01-03T15:22:18.135119
b8134f73-741c-48bf-bd84-bf37c21877ba,ST0004,Commonwealth Mini Mart,NCR,Metro Manila,Quezon City,Commonwealth,convenience,8.945941,118.653138,2026-01-03T15:22:18.135145
a31c4382-784c-46bc-801d-ba58f0da8bc3,ST0005,Barangay 1 Mini Mart,VIII,Province,City,Barangay 1,sari-sari,10.24367,119.939557,2026-01-03T15:22:18.135159
cca424be-68d4-425f-a1dd-8d918c6232c3,ST0006,Barangay 3 Mini Mart,VI,Province,City,Barangay 3,sari-sari,20.069852,120.285344,2026-01-03T15:22:18.135196
c167ec36-9b88-4b12-88e9-4813f979b9b3,ST0007,Bool Mart,VII,Bohol,Tagbilaran,Bool,sari-sari,5.23319,118.778983,2026-01-03T15:22:18.135209
b7d12659-e567-4e78-b898-0ae90a6b46e4,ST0008,Lahug Sari-Sari,VII,Cebu,Cebu City,Lahug,grocery,8.947578,122.856844,2026-01-03T15:22:18.135222
0df64234-42b5-4719-8202-fee7d531f9e8,ST0009,Barangay 2 Store,IX,Province,City,Barangay 2,mini-mart,15.222803,123.518203,2026-01-03T15:22:18.135234
197d3227-dbf9-4b5a-9727-374849941488,ST0010,Barangay 3 Mart,I,Province,City,Barangay 3,mini-mart,11.896163,119.199478,2026-01-03T15:22:18.135247
526dc085-d77c-40b1-8b99-9ebf89689915,ST0011,Barangay 1 Mart,V,Province,City,Barangay 1,sari-sari,17.380733,120.511648,2026-01-03T15:22:18.135260
0278bc90-f161-4ffc-8af5-682f30547cf2,ST0012,Barangay 3 Store,I,Province,City,Barangay 3,mini-mart,14.987019,120.456319,2026-01-03T15:22:18.135271
944476c5-218f-4a66-afff-f80a3c14614c,ST0013,Barangay 2 Mart,XII,Province,City,Barangay 2,mini-mart,16.419824,121.889773,2026-01-03T15:22:18.135283
ef6f45bc-1485-4716-8bf3-07262b529723,ST0014,Apokon Mart,XI,Davao del Norte,Tagum,Apokon,mini-mart,12.652421,117.409094,2026-01-03T15:22:18.135295
00d262e4-0ab9-4875-a3d4-c1cacbf956ed,ST0015,Barangay 1 Mart,CAR,Province,City,Barangay 1,grocery,14.042544,120.347673,2026-01-03T15:22:18.135311
84c46520-dc79-4f95-b3d7-165f87cc8cd8,ST0016,Barangay 3 Sari-Sari,XII,Province,City,Barangay 3,sari-sari,15.407366,121.869703,2026-01-03T15:22:18.135325
63f5b1ea-500b-47d1-b6ae-7459ed126519,ST0017,Barangay 1 Store,VI,Province,City,Barangay 1,grocery,7.030524,116.532453,2026-01-03T15:22:18.135344
feef229f-c0af-44ff-84f2-7532da0753c9,ST0018,Barangay 3 Sari-Sari,VI,Province,City,Barangay 3,convenience,17.96671,121.576629,2026-01-03T15:22:18.135357
129fdac4-dcab-48ea-9824-5d6905401d8f,ST0019,Barangay 2 Mart,IV-B,Province,City,Barangay 2,sari-sari,14.083113,121.386057,2026-01-03T15:22:18.135368
8fce9499-c3c1-4899-a1a2-ff6a41de4721,ST0020,Barangay 2 Mart,II,Province,City,Barangay 2,sari-sari,8.353945,122.173569,2026-01-03T15:22:18.135384
d30578f4-ca26-44f0-8461-fe387f4e374f,ST0021,Barangay 3 Mini Mart,I,Province,City,Barangay 3,sari-sari,20.147752,121.827062,2026-01-03T15:22:18.135396
341abac0-6e12-409e-bafc-7ba47565e925,ST0022,Tikay Mini Mart,III,Bulacan,Malolos,Tikay,mini-mart,8.740906,125.22433,2026-01-03T15:22:18.135408
a87ae832-b4c7-47f4-bfd0-d8e24da88bba,ST0023,Poblacion Mart,XI,Davao del Sur,Davao City,Poblacion,convenience,10.883877,123.21687,2026-01-03T15:22:18.135421
736c3172-d271-4637-b45f-1559749b5257,ST0024,Barangay 3 Mini Mart,IX,Province,City,Barangay 3,sari-sari,8.46649,117.140259,2026-01-03T15:22:18.135435
a177476f-b64b-4212-b3c7-c184b55ff251,ST0025,Tondo Mart,NCR,Metro Manila,Manila,Tondo,mini-mart,4.615053,123.578409,2026-01-03T15:22:18.135449
373b1ae8-ac1b-48cf-a987-ca4c43b648f3,ST0026,Barangay 1 Sari-Sari,CAR,Province,City,Barangay 1,convenience,5.633718,118.880046,2026-01-03T15:22:18.135461
a2101c26-3b96-42b2-b286-17a17b01940a,ST0027,Barangay 3 Mart,XIII,Province,City,Barangay 3,grocery,8.387956,121.229729,2026-01-03T15:22:18.135473
f004169d-b662-4803-b057-9012ea43999a,ST0028,Buhangin Sari-Sari,XI,Davao del Sur,Davao City,Buhangin,grocery,10.168761,120.611023,2026-01-03T15:22:18.135484
15888691-8aa6-4ffd-93ba-9a49ed821fc8,ST0029,Barangay 1 Mini Mart,CAR,Province,City,Barangay 1,convenience,17.30948,117.59269,2026-01-03T15:22:18.135495
32870a2a-6614-4455-a7a4-3da3422f8be4,ST0030,Barangay 3 Mini Mart,IV-B,Province,City,Barangay 3,mini-mart,11.250106,119.285451,2026-01-03T15:22:18.135507
cec7a3d8-ac40-4429-94c1-8e7be5d9bf15,ST0031,Barangay 2 Sari-Sari,V,Province,City,Barangay 2,sari-sari,14.934318,121.905879,2026-01-03T15:22:18.135519
874bed8f-6ae3-4be2-aa45-f15c1303a741,ST0032,Batasan Hills Mart,NCR,Metro Manila,Quezon City,Batasan Hills,grocery,12.270258,118.637473,2026-01-03T15:22:18.135530
5455fe41-2801-4f76-89dd-aba18e648fbb,ST0033,Barangay 1 Mini Mart,X,Province,City,Barangay 1,sari-sari,20.264942,119.152031,2026-01-03T15:22:18.135549
a793ef15-5bae-4016-aecd-ccb361158b69,ST0034,Barangay 2 Mini Mart,XII,Province,City,Barangay 2,mini-mart,7.538366,118.677009,2026-01-03T15:22:18.135582
7fa54e4f-83ac-458c-a999-68c577a6103f,ST0035,Barangay 3 Store,CAR,Province,City,Barangay 3,sari-sari,5.302277,121.267885,2026-01-03T15:22:18.135594
16d6e7e4-caed-4f0d-9680-86f02000731c,ST0036,Barangay 1 Sari-Sari,BARMM,Province,City,Barangay 1,mini-mart,5.596341,117.179609,2026-01-03T15:22:18.135605
ba33aedb-688a-4093-b723-e93646788e67,ST0037,Barangay 1 Mart,V,Province,City,Barangay 1,sari-sari,14.410104,120.692249,2026-01-03T15:22:18.135617
0d580b73-ee90-44fd-a361-399e8d9fa7f7,ST0038,Barangay 2 Mart,BARMM,Province,City,Barangay 2,convenience,8.318975,120.457858,2026-01-03T15:22:18.135628
9d1b2014-8a8f-4960-910e-e5189526dd51,ST0039,Dampas Sari-Sari,VII,Bohol,Tagbilaran,Dampas,sari-sari,11.832568,126.484544,2026-01-03T15:22:18.135640
9ee7791b-b626-4617-823a-e9b340713e54,ST0040,Barangay 3 Mart,II,Province,City,Barangay 3,convenience,6.619305,119.990088,2026-01-03T15:22:18.135651
8a4a1d31-d22e-4265-a2a3-7f69a47334eb,ST0041,Barangay 2 Store,I,Province,City,Barangay 2,mini-mart,11.510953,121.93218,2026-01-03T15:22:18.135662
283b98cb-9a3a-4277-9228-4dffc9246784,ST0042,Guadalupe Store,VII,Cebu,Cebu City,Guadalupe,sari-sari,19.52288,117.842911,2026-01-03T15:22:18.135680
ca001c57-b3c5-4246-b24d-d679143f410a,ST0043,Barangay 3 Mart,II,Province,City,Barangay 3,convenience,9.0081,118.606297,2026-01-03T15:22:18.135699
820185f9-ed24-4db4-9e98-8bcdf1d427de,ST0044,Barangay 3 Store,VIII,Province,City,Barangay 3,grocery,8.51794,125.58159,2026-01-03T15:22:18.135728
bda6cc2d-be9c-44bf-81c2-526b1922b4a5,ST0045,Barangay 3 Mini Mart,CAR,Province,City,Barangay 3,convenience,5.205388,119.835565,2026-01-03T15:22:18.135740
b448a0f8-b447-4be4-87cd-bcf88a1029ad,ST0046,Balibago Mini Mart,III,Pampanga,Angeles,Balibago,grocery,13.47451,117.618739,2026-01-03T15:22:18.135753
346aaaca-03df-43ce-b263-79353053a420,ST0047,Longos Mart,III,Bulacan,Malolos,Longos,grocery,6.539128,119.582583,2026-01-03T15:22:18.135766
7fb882f6-ac8e-406f-87f7-4679b3225a66,ST0048,Barangay 1 Mart,CAR,Province,City,Barangay 1,sari-sari,10.158858,122.098835,2026-01-03T15:22:18.135780
22376516-855c-4f4b-97c5-49020cc1b21f,ST0049,Buhangin Mart,XI,Davao del Sur,Davao City,Buhangin,mini-mart,18.602659,116.747864,2026-01-03T15:22:18.135791
ad387655-7cff-40c5-8edf-78b5c4afb365,ST0050,Barangay 3 Mart,VIII,Province,City,Barangay 3,convenience,7.047165,123.512782,2026-01-03T15:22:18.135803
144cf1e7-4db6-4901-b0ab-18e16458ff17,ST0051,Barangay 2 Mart,X,Province,City,Barangay 2,mini-mart,17.565386,121.103032,2026-01-03T15:22:18.135815
b5de63dc-216e-4161-a875-0decc8097f7f,ST0052,Lahug Sari-Sari,VII,Cebu,Cebu City,Lahug,mini-mart,10.875456,119.286031,2026-01-03T15:22:18.135826
52e2242e-9018-41be-a9e4-0b733dc0aff7,ST0053,Barangay 2 Mini Mart,I,Province,City,Barangay 2,convenience,19.527794,117.653418,2026-01-03T15:22:18.135843
b84f0699-2ef3-40fc-a83f-94303633734d,ST0054,Barangay 3 Store,VI,Province,City,Barangay 3,sari-sari,6.234441,120.845638,2026-01-03T15:22:18.135857
27603dec-89ce-40b5-82ee-9af83fe20293,ST0055,Barangay 3 Sari-Sari,VIII,Province,City,Barangay 3,grocery,18.892076,118.400788,2026-01-03T15:22:18.135868
c59d5c19-3aa0-4330-81d1-c9135bc86746,ST0056,Barangay 1 Mart,CAR,Province,City,Barangay 1,convenience,11.400758,125.988745,2026-01-03T15:22:18.135880
c6c1c891-896b-4e7f-a130-02a58228b070,ST0057,Barangay 3 Sari-Sari,VIII,Province,City,Barangay 3,convenience,12.61396,123.168929,2026-01-03T15:22:18.135892
042a86d7-2a91-44b6-94ee-259f997e76c8,ST0058,Barangay 3 Store,VIII,Province,City,Barangay 3,mini-mart,7.569441,123.149294,2026-01-03T15:22:18.135903
00b2758c-9382-4c63-be3a-ff26ca5e14df,ST0059,Barangay 3 Store,X,Province,City,Barangay 3,grocery,13.266995,116.504059,2026-01-03T15:22:18.135915
1093c2eb-1a0f-4458-bd04-f08a5e1bd887,ST0060,Mabolo Store,VII,Cebu,Cebu City,Mabolo,grocery,11.568576,123.256272,2026-01-03T15:22:18.135927
dc071eda-f528-4a1c-92ca-57495e23d343,ST0061,Barangay 3 Mart,BARMM,Province,City,Barangay 3,sari-sari,9.040582,123.138538,2026-01-03T15:22:18.135938
7866ca9e-d409-4fcb-800f-b12a9e888c3d,ST0062,Barangay 1 Store,VIII,Province,City,Barangay 1,mini-mart,17.405006,117.97354,2026-01-03T15:22:18.135950
72193a1c-beb3-4f82-9f0c-ab17c8c0cb66,ST0063,Barangay 2 Sari-Sari,CAR,Province,City,Barangay 2,grocery,11.131056,122.797654,2026-01-03T15:22:18.135960
b433d8a4-cdde-4a21-9bd0-63ed4c17f49b,ST0064,Barangay 2 Mini Mart,IV-B,Province,City,Barangay 2,mini-mart,6.861142,123.376224,2026-01-03T15:22:18.135972
327c03d2-c457-4139-9723-acfb5881b579,ST0065,Barangay 1 Mart,II,Province,City,Barangay 1,grocery,5.303494,118.991983,2026-01-03T15:22:18.135983
be1805b8-108d-423e-8eb3-01974820c497,ST0066,Barangay 1 Mini Mart,II,Province,City,Barangay 1,convenience,19.700634,125.414259,2026-01-03T15:22:18.135995
31d49c0b-3bed-48d6-9017-60eaf485f011,ST0067,Barangay 3 Mini Mart,BARMM,Province,City,Barangay 3,mini-mart,16.398487,121.246744,2026-01-03T15:22:18.136010
540359eb-b8a1-4266-a322-3033ec5fd427,ST0068,Barangay 3 Store,VI,Province,City,Barangay 3,grocery,14.527975,119.245974,2026-01-03T15:22:18.136061
9371fe1a-652c-41ef-a509-e77c7acfb0db,ST0069,Barangay 1 Store,I,Province,City,Barangay 1,convenience,9.615353,121.901522,2026-01-03T15:22:18.136098
aa150a72-ba8c-4e19-babc-372a5cbbb016,ST0070,Guinhawa Mini Mart,III,Bulacan,Malolos,Guinhawa,mini-mart,15.802706,117.142289,2026-01-03T15:22:18.136133
6c310b3f-8179-46b1-8d8e-b0adce681f54,ST0071,Mankilam Mini Mart,XI,Davao del Norte,Tagum,Mankilam,grocery,5.496251,124.828912,2026-01-03T15:22:18.136145
c596b031-4c8a-4f85-af71-7475fec2ad52,ST0072,Barangay 3 Mini Mart,X,Province,City,Barangay 3,grocery,4.594337,120.017588,2026-01-03T15:22:18.136157
71265591-8e55-41b5-ae2c-049b4866776b,ST0073,Barangay 3 Mart,X,Province,City,Barangay 3,grocery,8.010746,120.85836,2026-01-03T15:22:18.136168
ddf3c72b-8c2d-4fb7-9b17-b18838dfe220,ST0074,Bel-Air Mini Mart,NCR,Metro Manila,Makati,Bel-Air,mini-mart,17.948091,125.695416,2026-01-03T15:22:18.136181
e81e6459-9cf3-47da-be22-2ce2d0d47b68,ST0075,San Lorenzo Sari-Sari,NCR,Metro Manila,Makati,San Lorenzo,sari-sari,14.783994,117.856995,2026-01-03T15:22:18.136192
e428cff2-729e-476b-ba2d-ee6f962ad9b1,ST0076,Barangay 1 Store,XII,Province,City,Barangay 1,grocery,9.737643,121.046993,2026-01-03T15:22:18.136203
6633e62e-00d8-4f46-8beb-7ac75aa82321,ST0077,Barangay 2 Mini Mart,VIII,Province,City,Barangay 2,convenience,17.858575,121.203068,2026-01-03T15:22:18.136221
37201ea6-2df0-4301-9858-4732d9926402,ST0078,Barangay 1 Sari-Sari,CAR,Province,City,Barangay 1,sari-sari,16.567731,125.996117,2026-01-03T15:22:18.136239
079577b3-6c00-4e1b-bef2-ee5168351df9,ST0079,Barangay 3 Mart,IV-B,Province,City,Barangay 3,mini-mart,6.519536,123.194588,2026-01-03T15:22:18.136272
96d0f987-7786-4218-91da-0276aa1b792b,ST0080,Barangay 3 Store,IV-B,Province,City,Barangay 3,convenience,7.184626,122.572475,2026-01-03T15:22:18.136283
e6b3e1ed-6037-4445-88b5-a9179b31895e,ST0081,Barangay 2 Sari-Sari,II,Province,City,Barangay 2,sari-sari,19.362195,122.257967,2026-01-03T15:22:18.136294
d870cf4e-1e3f-44af-9c78-785267db7d20,ST0082,Barangay 3 Mart,X,Province,City,Barangay 3,sari-sari,13.973566,124.805716,2026-01-03T15:22:18.136308
1b1a6153-e676-4580-9a9f-fb5df884eb78,ST0083,Barangay 3 Store,V,Province,City,Barangay 3,sari-sari,17.239635,122.159326,2026-01-03T15:22:18.136319
916b3f06-cccc-4b7c-8f9a-1918dbb385cc,ST0084,Barangay 3 Mini Mart,CAR,Province,City,Barangay 3,convenience,5.603308,122.975433,2026-01-03T15:22:18.136330
0956658b-5f10-439b-a5e8-d604ed12d21a,ST0085,Bel-Air Sari-Sari,NCR,Metro Manila,Makati,Bel-Air,grocery,19.872601,122.855851,2026-01-03T15:22:18.136343
24a276ea-598e-45b7-bebf-0512fc6d0652,ST0086,Barangay 2 Mart,XII,Province,City,Barangay 2,convenience,14.354598,125.696177,2026-01-03T15:22:18.136355
003fbe9e-0e57-4dae-8b17-93867a141f46,ST0087,Barangay 2 Store,XIII,Province,City,Barangay 2,convenience,18.127411,124.80731,2026-01-03T15:22:18.136367
0340b709-c75a-41a1-87f1-553ec5b66f33,ST0088,Barangay 2 Mart,I,Province,City,Barangay 2,grocery,13.617594,123.181885,2026-01-03T15:22:18.136381
02342d25-4e0d-4904-a2c3-21a99e67ee6c,ST0089,Barangay 2 Store,VIII,Province,City,Barangay 2,mini-mart,12.300799,120.04825,2026-01-03T15:22:18.136392
26568a6e-5745-4db4-9617-ddb658b7a9c5,ST0090,Barangay 2 Store,VI,Province,City,Barangay 2,sari-sari,12.766036,118.410564,2026-01-03T15:22:18.136403
09b649ec-448e-478a-8306-89a0e3e741e5,ST0091,Barangay 2 Mart,V,Province,City,Barangay 2,grocery,14.834446,121.408213,2026-01-03T15:22:18.136414
3d1c6201-8705-4ee8-a3e9-3f6b84922d60,ST0092,Diliman Mart,NCR,Metro Manila,Quezon City,Diliman,grocery,15.568594,119.56206,2026-01-03T15:22:18.136425
7cae7a56-bd37-477c-a778-14d6f40cbdb4,ST0093,Barangay 3 Store,IX,Province,City,Barangay 3,grocery,20.446103,122.003885,2026-01-03T15:22:18.136435
58e689cb-5145-438d-8086-9d01ecbb76f6,ST0094,Barangay 2 Store,IX,Province,City,Barangay 2,convenience,8.188609,123.712843,2026-01-03T15:22:18.136446
8b20c22e-4a9f-4338-af67-66b8e2f3e694,ST0095,Barangay 3 Mart,VIII,Province,City,Barangay 3,mini-mart,7.962154,121.341986,2026-01-03T15:22:18.136458
fb7a16bb-679a-48b1-b598-cba80bd16820,ST0096,Barangay 1 Mart,BARMM,Province,City,Barangay 1,convenience,8.139731,118.294415,2026-01-03T15:22:18.136473
15c807e7-f76c-4d91-b3db-51635e284304,ST0097,Tondo Mart,NCR,Metro Manila,Manila,Tondo,convenience,5.228251,117.04526,2026-01-03T15:22:18.136509
903d0109-651d-4799-bf43-318dedaf28d7,ST0098,Guadalupe Mini Mart,VII,Cebu,Cebu City,Guadalupe,sari-sari,18.463516,122.240642,2026-01-03T15:22:18.136524
857ba633-9d6a-423a-acd7-877aee876955,ST0099,Barangay 2 Store,XIII,Province,City,Barangay 2,mini-mart,19.947962,119.024784,2026-01-03T15:22:18.136535
83d39f10-e6de-4cc3-a68a-c5a50c298aaa,ST0100,Barangay 1 Mini Mart,XIII,Province,City,Barangay 1,grocery,5.685315,122.794457,2026-01-03T15:22:18.136546
71c69459-5fdb-42a0-b8ff-be03d1ce44e8,ST0101,Barangay 1 Store,CAR,Province,City,Barangay 1,sari-sari,20.40269,117.684516,2026-01-03T15:22:18.136557
e4c51e10-53f2-4b0d-9a52-0086468de4ab,ST0102,Poblacion Mini Mart,XI,Davao del Sur,Davao City,Poblacion,grocery,19.03607,119.473531,2026-01-03T15:22:18.136567
c3de8bbb-7b2a-498c-996c-2362443d4f34,ST0103,Mankilam Sari-Sari,XI,Davao del Norte,Tagum,Mankilam,sari-sari,19.661443,118.577879,2026-01-03T15:22:18.136578
7e3d42d7-a2ed-442c-9abc-52cd82ac6ce4,ST0104,Barangay 3 Sari-Sari,IV-B,Province,City,Barangay 3,mini-mart,8.337843,122.019922,2026-01-03T15:22:18.136588
cfd234e4-86ab-48de-ad3f-16edddea3dac,ST0105,Talaba Mini Mart,IV-A,Cavite,Bacoor,Talaba,grocery,9.160149,118.814762,2026-01-03T15:22:18.136600
41d52ad5-28f4-4aa4-be1c-c3fa8929a239,ST0106,Cogon Mart,VII,Bohol,Tagbilaran,Cogon,convenience,17.105248,122.75058,2026-01-03T15:22:18.136618
5003387b-5d7e-44f0-b70a-d675646da6f1,ST0107,Barangay 1 Mart,IV-B,Province,City,Barangay 1,mini-mart,19.034583,124.766312,2026-01-03T15:22:18.136650
58aa4a08-7cad-4331-9d27-9eba83e6c048,ST0108,Barangay 1 Store,I,Province,City,Barangay 1,convenience,11.526455,121.18698,2026-01-03T15:22:18.136661
83fe8b91-9efa-4a3c-99c3-c24076cf8cf7,ST0109,Dampas Mini Mart,VII,Bohol,Tagbilaran,Dampas,grocery,5.78707,116.898608,2026-01-03T15:22:18.136674
ce600fca-e892-4ff9-a1ef-c89e3ca04856,ST0110,Mankilam Store,XI,Davao del Norte,Tagum,Mankilam,sari-sari,5.96123,126.119111,2026-01-03T15:22:18.136706
d90d3f23-2854-4b5d-8f6a-c5ee57140fab,ST0111,Sampaloc Sari-Sari,NCR,Metro Manila,Manila,Sampaloc,mini-mart,12.028013,123.015095,2026-01-03T15:22:18.136741
12f83d75-88d9-41e7-b308-55d7fc010d83,ST0112,Barangay 3 Mini Mart,VI,Province,City,Barangay 3,grocery,20.004884,121.200104,2026-01-03T15:22:18.136779
457e9bb6-c6ab-4bd7-9607-97726adcbe85,ST0113,Apokon Sari-Sari,XI,Davao del Norte,Tagum,Apokon,mini-mart,9.776859,123.436737,2026-01-03T15:22:18.136819
5d5b03f2-5c4b-450f-a373-58f7ab5ac3f4,ST0114,Bool Sari-Sari,VII,Bohol,Tagbilaran,Bool,grocery,5.908957,119.023989,2026-01-03T15:22:18.136831
4fa3c730-ebcf-46b6-92dc-b19e29f6be72,ST0115,Barangay 3 Sari-Sari,II,Province,City,Barangay 3,grocery,11.111961,118.375825,2026-01-03T15:22:18.136846
056ac079-e971-4218-8fd1-4a1d9290e16c,ST0116,Barangay 3 Mini Mart,IX,Province,City,Barangay 3,sari-sari,7.756932,121.992196,2026-01-03T15:22:18.136857
226d3d75-0083-427d-b128-6ab97599d5ca,ST0117,Bool Mini Mart,VII,Bohol,Tagbilaran,Bool,sari-sari,4.961911,122.800223,2026-01-03T15:22:18.136872
6bd813c7-b753-4bf2-99c4-a4ceffc0da01,ST0118,Barangay 2 Sari-Sari,V,Province,City,Barangay 2,grocery,5.991347,126.422571,2026-01-03T15:22:18.136903
ad1a99d1-506a-4f83-be49-783f7e427573,ST0119,Barangay 1 Mart,II,Province,City,Barangay 1,grocery,19.422449,119.418616,2026-01-03T15:22:18.136915
76e92fc9-fed8-4c5d-be6f-a7c4f5c4b80d,ST0120,Barangay 2 Mini Mart,VI,Province,City,Barangay 2,mini-mart,11.808584,117.94642,2026-01-03T15:22:18.136926
1426777a-9edd-44d0-92b3-e99e3611bed8,ST0121,Barangay 1 Store,IV-B,Province,City,Barangay 1,grocery,9.938004,124.377174,2026-01-03T15:22:18.136937
c1cc60c0-68ac-443a-8225-35d0f2e85fa8,ST0122,Barangay 2 Store,VI,Province,City,Barangay 2,grocery,18.34417,120.965474,2026-01-03T15:22:18.136950
c16ba1f9-1385-433e-9584-2579223c61f6,ST0123,Barangay 2 Mini Mart,XIII,Province,City,Barangay 2,grocery,19.425636,125.196017,2026-01-03T15:22:18.136968
89f850d6-dbb8-4656-a119-798b01dd7c3c,ST0124,Barangay 1 Mini Mart,V,Province,City,Barangay 1,sari-sari,9.590821,121.229763,2026-01-03T15:22:18.137001
83d4f4cc-9112-45f1-948c-3da900199433,ST0125,Barangay 3 Mart,X,Province,City,Barangay 3,grocery,19.937191,117.762463,2026-01-03T15:22:18.137012
68729d99-023f-474a-bd26-8ac9d3479aa4,ST0126,Barangay 2 Sari-Sari,VIII,Province,City,Barangay 2,grocery,4.745562,117.941554,2026-01-03T15:22:18.137024
74d7237e-665e-49ca-b4f2-3d531db31f7c,ST0127,Longos Store,III,Bulacan,Malolos,Longos,convenience,14.47215,120.474833,2026-01-03T15:22:18.137044
6f4fc162-83af-4ea9-af1d-925fdd7f265f,ST0128,Barangay 3 Mini Mart,I,Province,City,Barangay 3,convenience,14.528787,125.374387,2026-01-03T15:22:18.137072
c7319007-a7ad-473e-a829-2f1447ec067f,ST0129,Barangay 3 Sari-Sari,XIII,Province,City,Barangay 3,mini-mart,14.598576,125.709291,2026-01-03T15:22:18.137084
7ed3e9bb-d0cb-4129-b2bf-5a5a9d5be2c8,ST0130,Barangay 2 Sari-Sari,V,Province,City,Barangay 2,sari-sari,11.598857,123.440012,2026-01-03T15:22:18.137096
130c8ec5-e46c-41c9-9448-9d3848b5698a,ST0131,Diliman Sari-Sari,NCR,Metro Manila,Quezon City,Diliman,convenience,10.235413,120.806868,2026-01-03T15:22:18.137107
a6f578bc-774a-4657-bb1e-8bc9882ced09,ST0132,Barangay 3 Mart,V,Province,City,Barangay 3,mini-mart,7.30111,122.594918,2026-01-03T15:22:18.137120
79bdbd90-6914-4797-883a-fe5aacde7528,ST0133,Barangay 2 Mart,X,Province,City,Barangay 2,mini-mart,11.878399,119.039773,2026-01-03T15:22:18.137144
af84a706-213d-411d-b29d-1aa97e181836,ST0134,Barangay 2 Store,VI,Province,City,Barangay 2,mini-mart,5.68179,125.952356,2026-01-03T15:22:18.137182
27852bef-cb3b-4270-a3de-45170113fa9c,ST0135,Bool Store,VII,Bohol,Tagbilaran,Bool,grocery,18.024863,118.49217,2026-01-03T15:22:18.137195
65463cb2-c68d-4099-a54b-b6d2a018c71a,ST0136,Barangay 1 Mart,X,Province,City,Barangay 1,grocery,13.650763,122.248119,2026-01-03T15:22:18.137210
b5dc651d-1985-4a8b-9ede-caeb83e56abf,ST0137,Guadalupe Mini Mart,VII,Cebu,Cebu City,Guadalupe,convenience,4.629567,125.150674,2026-01-03T15:22:18.137243
d81b554c-0294-49da-a424-b1d59b13bc2a,ST0138,Barangay 2 Mart,CAR,Province,City,Barangay 2,convenience,8.004073,118.40132,2026-01-03T15:22:18.137255
d6f3e753-7778-4227-8028-d924ad5995cf,ST0139,Barangay 3 Sari-Sari,VI,Province,City,Barangay 3,sari-sari,9.442926,120.908232,2026-01-03T15:22:18.137266
0e09489b-63f7-4520-b528-14d4da25de59,ST0140,Barangay 1 Store,IX,Province,City,Barangay 1,convenience,16.459694,118.256401,2026-01-03T15:22:18.137278
86dac85e-0359-4d73-a2d2-f29d999d1926,ST0141,Sapalibutad Store,III,Pampanga,Angeles,Sapalibutad,mini-mart,8.611521,124.746898,2026-01-03T15:22:18.137300
79f75905-b489-48b1-a8f0-ad85ae375129,ST0142,Barangay 3 Store,XIII,Province,City,Barangay 3,sari-sari,11.993302,117.252994,2026-01-03T15:22:18.137326
1180ae29-3b8f-4f47-91c3-10a03fa568cc,ST0143,Barangay 3 Store,V,Province,City,Barangay 3,sari-sari,17.150911,116.639187,2026-01-03T15:22:18.137358
44a1fb25-e48c-4da8-9eb8-d6862fa2b6af,ST0144,Barangay 2 Store,II,Province,City,Barangay 2,grocery,17.658677,125.902919,2026-01-03T15:22:18.137369
37ded6cc-7bd2-4498-b5f2-5cf8e850d815,ST0145,Barangay 2 Sari-Sari,II,Province,City,Barangay 2,convenience,19.144095,118.713672,2026-01-03T15:22:18.137381
072e6eaa-3b02-421f-aadc-4f9bc3f2dbcf,ST0146,Barangay 3 Store,I,Province,City,Barangay 3,grocery,6.366815,116.953468,2026-01-03T15:22:18.137392
868b1107-bd94-4425-8aab-7b238262b52b,ST0147,Barangay 2 Sari-Sari,CAR,Province,City,Barangay 2,sari-sari,8.256801,121.875466,2026-01-03T15:22:18.137403
1a556432-f156-4085-9ecc-f98708f86897,ST0148,Barangay 2 Mini Mart,X,Province,City,Barangay 2,mini-mart,18.666621,123.049219,2026-01-03T15:22:18.137414
a249dcb2-686d-453b-834b-79d66aa778c4,ST0149,Barangay 2 Sari-Sari,XIII,Province,City,Barangay 2,convenience,7.976315,120.946959,2026-01-03T15:22:18.137425
036a93a4-4193-4b38-a651-1aa546131fdb,ST0150,Barangay 1 Store,V,Province,City,Barangay 1,convenience,5.468801,119.258814,2026-01-03T15:22:18.137437
0944877c-8ad0-4730-9482-c56b2c9c6cea,ST0151,Barangay 1 Mart,II,Province,City,Barangay 1,sari-sari,5.309256,119.835092,2026-01-03T15:22:18.137448
c6d37236-2c06-4fd4-8db8-e39bcdd2ce2e,ST0152,Guinhawa Mart,III,Bulacan,Malolos,Guinhawa,mini-mart,17.508848,118.829987,2026-01-03T15:22:18.137462
360451f7-1276-4f0d-92dc-aedf242e1895,ST0153,Longos Mart,III,Bulacan,Malolos,Longos,mini-mart,13.143447,124.485138,2026-01-03T15:22:18.137478
f2f0cba4-0cb2-4fe9-89e1-19d7ea601ed3,ST0154,Barangay 1 Sari-Sari,II,Province,City,Barangay 1,convenience,17.139755,118.879316,2026-01-03T15:22:18.137494
9394bab7-2df3-4e17-9ff8-c70a38ebde6f,ST0155,Barangay 1 Store,VIII,Province,City,Barangay 1,sari-sari,6.528137,120.709606,2026-01-03T15:22:18.137505
5659b9d1-156d-410a-877d-da98fb407ffe,ST0156,Barangay 2 Mini Mart,II,Province,City,Barangay 2,convenience,12.711807,117.59054,2026-01-03T15:22:18.137516
361db84b-f0d6-401d-a9cb-4dea2b22447c,ST0157,Barangay 3 Sari-Sari,BARMM,Province,City,Barangay 3,convenience,11.82868,126.140262,2026-01-03T15:22:18.137526
b688e538-e45c-4912-ad35-61dddae7635f,ST0158,Barangay 2 Mini Mart,CAR,Province,City,Barangay 2,sari-sari,12.344302,125.597008,2026-01-03T15:22:18.137538
df0c2541-4bed-43be-8e56-87b39315d47c,ST0159,Barangay 2 Mart,I,Province,City,Barangay 2,sari-sari,6.519065,122.743175,2026-01-03T15:22:18.137549
96bc7795-4ec4-4ecc-a2ca-bbbf7dc4a3ed,ST0160,Barangay 3 Store,VIII,Province,City,Barangay 3,grocery,12.588817,120.801993,2026-01-03T15:22:18.137564
957c3e66-ae75-43fb-b0fc-23947fae95fb,ST0161,Barangay 2 Mini Mart,II,Province,City,Barangay 2,mini-mart,11.121017,124.774192,2026-01-03T15:22:18.137579
3f629270-40db-494c-afab-3d1abf957f88,ST0162,Barangay 3 Sari-Sari,X,Province,City,Barangay 3,convenience,11.328224,123.151079,2026-01-03T15:22:18.137590
68d14c21-10bb-4d8f-a0d2-44f7aaa21ca3,ST0163,Barangay 3 Mini Mart,IX,Province,City,Barangay 3,sari-sari,5.959597,117.353644,2026-01-03T15:22:18.137601
911c0738-13c5-4c78-a6d6-b5c52c159d34,ST0164,Poblacion Store,XI,Davao del Sur,Davao City,Poblacion,mini-mart,13.401932,122.364651,2026-01-03T15:22:18.137611
850fcbd8-7281-48d2-95b1-a1a8d147972d,ST0165,Barangay 2 Store,VIII,Province,City,Barangay 2,grocery,18.389474,123.710607,2026-01-03T15:22:18.137622
255761d1-64b0-4b0b-83e4-b1fbfba2a355,ST0166,Dampas Sari-Sari,VII,Bohol,Tagbilaran,Dampas,mini-mart,6.975683,121.321894,2026-01-03T15:22:18.137633
4b2da115-5159-418b-909c-e8d524b57300,ST0167,Barangay 3 Store,II,Province,City,Barangay 3,sari-sari,16.70169,122.241,2026-01-03T15:22:18.137643
8960a30f-466d-4a7c-860c-4a16e04fc1e1,ST0168,Poblacion Store,XI,Davao del Sur,Davao City,Poblacion,sari-sari,7.386657,123.526988,2026-01-03T15:22:18.137655
0288257d-9b97-483b-987f-773ff78f37e4,ST0169,Dampas Sari-Sari,VII,Bohol,Tagbilaran,Dampas,mini-mart,18.417803,122.163211,2026-01-03T15:22:18.137666
4cb1a0a5-cf36-4e4e-8ec5-3766d382988c,ST0170,Barangay 1 Sari-Sari,X,Province,City,Barangay 1,sari-sari,16.437788,118.651329,2026-01-03T15:22:18.137680
17ca6aef-b006-42b8-afd4-aab8123c4588,ST0171,Apokon Mart,XI,Davao del Norte,Tagum,Apokon,convenience,9.486198,119.743829,2026-01-03T15:22:18.137701
73281e84-bff0-4212-898f-54dd6aba4862,ST0172,Barangay 1 Mart,I,Province,City,Barangay 1,sari-sari,15.283499,119.221028,2026-01-03T15:22:18.137725
69df6d06-6ac7-48fc-b3bb-ae7c73cc5988,ST0173,Mankilam Mini Mart,XI,Davao del Norte,Tagum,Mankilam,grocery,8.87067,124.049431,2026-01-03T15:22:18.137740
1b5e8b5c-f9c6-4648-89e4-ed708210dad8,ST0174,Barangay 2 Sari-Sari,II,Province,City,Barangay 2,convenience,15.351486,122.431343,2026-01-03T15:22:18.137752
704f47c4-8646-41e2-a9a0-f37c9c1f6565,ST0175,Barangay 1 Mart,BARMM,Province,City,Barangay 1,grocery,20.251131,117.04782,2026-01-03T15:22:18.137763
e56296fe-69e9-4d6d-9a92-f47b2e04399a,ST0176,Barangay 1 Mart,IV-B,Province,City,Barangay 1,convenience,9.131154,117.699843,2026-01-03T15:22:18.137774
d869a0e9-c4c6-4612-ae83-718dbad827a5,ST0177,Barangay 1 Mart,XIII,Province,City,Barangay 1,grocery,13.021318,118.801107,2026-01-03T15:22:18.137784
af7ffe54-8b19-481d-a573-a550ee5bb950,ST0178,Barangay 2 Sari-Sari,IX,Province,City,Barangay 2,grocery,4.799865,125.711624,2026-01-03T15:22:18.137795
ca352f2a-5f8d-493c-9c7f-99e66b426c52,ST0179,Barangay 3 Mini Mart,VIII,Province,City,Barangay 3,grocery,9.132243,120.550323,2026-01-03T15:22:18.137808
84edb53d-f8de-4103-84a2-f869b78f6a8c,ST0180,Barangay 3 Mini Mart,VIII,Province,City,Barangay 3,convenience,5.910078,124.944844,2026-01-03T15:22:18.137819
